Attribute,Description,Valid Values,DependsOn,Required,Properties,Validation Rules,columnType,Format,Pattern,Minimum,Maximum,IsTemplate,Source
Biosamples,,,,,,,,,,,,,NYU Landscape/NAM Data Types
Subjects / Donors,,,,,,,,,,,,,NYU Landscape/NAM Data Types
Files / Data Types,,,,,,,,,,,,,NYU Landscape/NAM Data Types
In Chemico / Biomaterials,,,,,,,,,,,,,NYU Landscape/NAM Data Types
Assays / Conditions,,,,,,,,,,,,,NYU Landscape/NAM Data Types
Ontologies / Standards,,,,,,,,,,,,,NYU Landscape/NAM Data Types
Imaging Metadata,,,,,,,,,,,,,NYU Landscape/NAM Data Types
Pharmacokinetics / ADMET,,,,,,,,,,,,,NYU Landscape/NAM Data Types
Analytical Models,,,,,,,,,,,,,NYU Landscape/NAM Data Types
